application_id,candidate_id,name,source,applied_date,review_state,phone,email
careers:5393,CAND-careers-5393,Rahul Gupta,careers,2026-07-02,wrongly_marked_duplicate,8814003866,rahul73@gmail.com
careers:5397,CAND-careers-5397,komal kaur,careers,2026-07-04,wrongly_marked_duplicate,7124303381,kaurkomal@gmail.com
careers:5399,CAND-careers-5014,amit ghosh,careers,2026-07-04,logged_not_screened,8806683867,ghoshamit@gmail.com
careers:5400,CAND-careers-5400,Sandeep Jain,careers,2026-07-05,logged_not_screened,,sandeep22@rediffmail.com
careers:5409,CAND-careers-5409,Neha Gupta,careers,2026-07-09,wrongly_marked_duplicate,7892307386,ngupta98@gmail.com
careers:5412,CAND-careers-5412,pooja singh,careers,2026-07-09,wrongly_marked_duplicate,7575614222,singh.pooja@outlook.com
careers:5424,CAND-careers-5424,Amit Agarwal,careers,2026-07-16,wrongly_marked_duplicate,6951219303,amit.agarwal92@rediffmail.com
careers:5427,CAND-careers-5427,Preeti Jain,careers,2026-07-17,wrongly_marked_duplicate,6017597171,preetijain@gmail.com
careers:5429,CAND-careers-5429,Neha Verma,careers,2026-07-17,wrongly_marked_duplicate,6781365284,neha15@yahoo.com
careers:5432,CAND-careers-5432,Priya Bhat,careers,2026-07-18,wrongly_marked_duplicate,9781084398,bhatpriya@gmail.com
careers:5433,CAND-careers-5433,Gaurav Bose,careers,2026-07-18,logged_not_screened,8413036211,gbose72@gmail.com
careers:5436,CAND-careers-5436,Karan Kumar,careers,2026-07-20,wrongly_marked_duplicate,9783381226,karan72@gmail.com
careers:5444,CAND-careers-5444,Jyoti Kumar,careers,2026-07-23,wrongly_marked_duplicate,7809321330,jyoti.kumar@outlook.com
careers:5447,CAND-careers-5447,Rohit Malhotra,careers,2026-07-24,logged_not_screened,7184728934,rmalhotra86@gmail.com
careers:5448,CAND-careers-5448,Ritu Sharma,careers,2026-07-24,wrongly_marked_duplicate,9216299445,ritu36@gmail.com
careers:5459,CAND-careers-5459,Amit Yadav,careers,2026-07-28,wrongly_marked_duplicate,6321309126,amityadav77@gmail.com
careers:5461,CAND-careers-5461,Priya Menon,careers,2026-07-29,wrongly_marked_duplicate,7174053343,priyamenon@gmail.com
careers:5462,CAND-careers-5462,Bhavna Singh,careers,2026-07-30,wrongly_marked_duplicate,9724483415,bsingh54@gmail.com
email:<cand-00216@mail.gmail.com>,CAND-email-<cand-00216@mail.gmail.com>,Rahul,email,2026-07-03,wrongly_marked_duplicate,8765056045,rshaikh86@gmail.com
email:<cand-00217@mail.gmail.com>,CAND-email-<cand-00217@mail.gmail.com>,Neha,email,2026-07-03,wrongly_marked_duplicate,,singh.neha@hotmail.com
email:<cand-00219@mail.gmail.com>,CAND-careers-5299,Meera Iyer,email,2026-07-04,never_logged,7972312473,meeraiyer@gmail.com
email:<cand-00221@mail.gmail.com>,CAND-email-<cand-00099@mail.gmail.com>,Naveen Thomas,email,2026-07-08,never_logged,,naveenthomas@hotmail.com
email:<cand-00222@mail.gmail.com>,CAND-email-<cand-00222@mail.gmail.com>,Arjun Kapoor,email,2026-07-09,never_logged,,kapoorarjun@gmail.com
email:<cand-00223@mail.gmail.com>,CAND-email-<cand-00223@mail.gmail.com>,Rahul Sharma,email,2026-07-09,wrongly_marked_duplicate,,rsharma66@gmail.com
email:<cand-00224@mail.gmail.com>,CAND-careers-5252,Rahul Sharma,email,2026-07-09,never_logged,7303459481,rahul2@rediffmail.com
email:<cand-00226@mail.gmail.com>,CAND-email-<cand-00226@mail.gmail.com>,,email,2026-07-11,never_logged,7958972639,mehtapriya@gmail.com
email:<cand-00230@mail.gmail.com>,CAND-email-<cand-00230@mail.gmail.com>,Rakesh Sharma,email,2026-07-15,never_logged,,sharmarakesh@gmail.com
email:<cand-00231@mail.gmail.com>,CAND-email-<cand-00231@mail.gmail.com>,,email,2026-07-16,never_logged,9795658976,pmenon55@gmail.com
email:<cand-00232@mail.gmail.com>,CAND-email-<cand-00232@mail.gmail.com>,,email,2026-07-17,wrongly_marked_duplicate,9489042654,shreya36@hotmail.com
email:<cand-00239@mail.gmail.com>,CAND-email-<cand-00239@mail.gmail.com>,Neha,email,2026-07-24,never_logged,,neha.singh@yahoo.com
email:<cand-00242@mail.gmail.com>,CAND-email-<cand-00242@mail.gmail.com>,REKHA KUMAR,email,2026-07-27,never_logged,,rekhakumar@outlook.com
email:<cand-00243@mail.gmail.com>,CAND-email-<cand-00187@mail.gmail.com>,Vikas,email,2026-07-27,never_logged,,vermavikas@gmail.com
email:<cand-00245@mail.gmail.com>,CAND-email-<cand-00245@mail.gmail.com>,Shreya Kumar,email,2026-07-28,never_logged,8068430820,shreya.kumar@outlook.com
email:<cand-00250@mail.gmail.com>,CAND-email-<cand-00250@mail.gmail.com>,,email,2026-07-31,wrongly_marked_duplicate,,psingh91@yahoo.com
email:<cand-00251@mail.gmail.com>,CAND-email-<cand-00251@mail.gmail.com>,Sanjay Nair,email,2026-07-31,never_logged,8629336350,sanjaynair8@gmail.com
job_board:JB-100814,CAND-job_board-JB-100814,Sneha Pillai,job_board,2026-07-01,wrongly_marked_duplicate,9255219896,spillai88@gmail.com
job_board:JB-100815,CAND-job_board-JB-100815,"Mehta, Priya",job_board,2026-07-01,wrongly_marked_duplicate,6845105252,pmehta52@outlook.com
job_board:JB-100818,CAND-job_board-JB-100481,"Mishra, Sneha",job_board,2026-07-01,wrongly_marked_duplicate,6858391781,snehamishra@gmail.com
job_board:JB-100823,CAND-job_board-JB-100823,Amit Tiwari,job_board,2026-07-02,wrongly_marked_duplicate,8431217150,amit79@yahoo.com
job_board:JB-100828,CAND-job_board-JB-100828,Komal Gupta,job_board,2026-07-03,wrongly_marked_duplicate,,komalgupta@gmail.com
job_board:JB-100830,CAND-job_board-JB-100340,NEHA MALHOTRA,job_board,2026-07-03,logged_not_screened,7698167653,neha.malhotra97@outlook.com
job_board:JB-100833,CAND-job_board-JB-100833,"Kumar, Priya",job_board,2026-07-04,wrongly_marked_duplicate,7951442750,priya59@gmail.com
job_board:JB-100848,CAND-job_board-JB-100848,"Pandey, Ankita",job_board,2026-07-08,wrongly_marked_duplicate,9724899616,ankitapandey1@gmail.com
job_board:JB-100856,CAND-job_board-JB-100856,"Sharma, Lakshmi",job_board,2026-07-10,wrongly_marked_duplicate,,lsharma43@gmail.com
job_board:JB-100861,CAND-email-<cand-00078@mail.gmail.com>,Joseph Shaikh,job_board,2026-07-11,wrongly_marked_duplicate,8470577037,shaikhjoseph@gmail.com
job_board:JB-100886,CAND-job_board-JB-100886,POOJA KHAN,job_board,2026-07-15,wrongly_marked_duplicate,9837055585,poojakhan@hotmail.com
job_board:JB-100887,CAND-job_board-JB-100887,Harish Verma,job_board,2026-07-15,wrongly_marked_duplicate,6646880308,harish47@gmail.com
job_board:JB-100907,CAND-job_board-JB-100907,Komal Ghosh,job_board,2026-07-18,logged_not_screened,8145609325,komalghosh@gmail.com
job_board:JB-100908,CAND-job_board-JB-100908,RAHUL SHAIKH,job_board,2026-07-18,wrongly_marked_duplicate,9454810336,rshaikh38@gmail.com
job_board:JB-100911,CAND-careers-5172,Neha Singh,job_board,2026-07-18,logged_not_screened,8590031715,nsingh7@outlook.com
job_board:JB-100914,CAND-job_board-JB-100914,"Malhotra, Divya",job_board,2026-07-20,logged_not_screened,,divya.malhotra71@outlook.com
job_board:JB-100922,CAND-job_board-JB-100922,"Kapoor, Rohit",job_board,2026-07-21,wrongly_marked_duplicate,9810142548,kapoorrohit@gmail.com
job_board:JB-100923,CAND-job_board-JB-100923,MEERA VERMA,job_board,2026-07-21,wrongly_marked_duplicate,6050367603,meera.verma@hotmail.com
job_board:JB-100930,CAND-job_board-JB-100930,Deepak Kumar,job_board,2026-07-23,wrongly_marked_duplicate,9984488391,dkumar30@gmail.com
job_board:JB-100942,CAND-job_board-JB-100942,Karan Menon,job_board,2026-07-26,logged_not_screened,6686364849,karanmenon@gmail.com
job_board:JB-100944,CAND-job_board-JB-100944,VENKAT THOMAS,job_board,2026-07-27,logged_not_screened,7501512304,venkat.thomas@rediffmail.com
job_board:JB-100949,CAND-job_board-JB-100949,Mary Singh,job_board,2026-07-28,wrongly_marked_duplicate,7553535267,mary.singh71@rediffmail.com
job_board:JB-100952,CAND-job_board-JB-100683,Priya Singh,job_board,2026-07-28,wrongly_marked_duplicate,7696464843,priya14@gmail.com
job_board:JB-100955,CAND-job_board-JB-100955,"Bhat, Neha",job_board,2026-07-29,wrongly_marked_duplicate,,nehabhat67@gmail.com
job_board:JB-100960,CAND-job_board-JB-100960,"Kumar, Sai",job_board,2026-07-30,wrongly_marked_duplicate,,sai.kumar61@yahoo.com
referral:RF0258,CAND-referral-RF0258,Sandeep Verma,referral,2026-07-02,wrongly_marked_duplicate,8676539434,
referral:RF0263,CAND-referral-RF0263,Imran Nair,referral,2026-07-05,never_logged,9616680254,imrannair94@gmail.com
referral:RF0264,CAND-job_board-JB-101040,Prakash Singh,referral,2026-07-05,never_logged,6779763586,prakashsingh@gmail.com
referral:RF0265,CAND-referral-RF0265,Bhavna Verma,referral,2026-07-05,never_logged,9770737258,bhavna31@gmail.com
referral:RF0267,CAND-referral-RF0267,Venkat Ghosh,referral,2026-07-06,never_logged,6136667058,vghosh86@outlook.com
referral:RF0272,CAND-referral-RF0272,Pooja Chauhan,referral,2026-07-13,never_logged,6332256288,
referral:RF0273,CAND-referral-RF0273,Gurpreet,referral,2026-07-13,wrongly_marked_duplicate,9226079951,guptagurpreet@gmail.com
referral:RF0274,CAND-careers-5036,imran pandey,referral,2026-07-13,never_logged,,ipandey85@gmail.com
referral:RF0277,CAND-referral-RF0187,Mary Fernandes,referral,2026-07-15,never_logged,6131251282,mary32@gmail.com
referral:RF0278,CAND-referral-RF0278,Neha Pandey,referral,2026-07-16,never_logged,8388108242,
referral:RF0279,CAND-referral-RF0279,Bhavna Singh,referral,2026-07-16,wrongly_marked_duplicate,,bhavna.singh91@rediffmail.com
referral:RF0283,CAND-referral-RF0283,Bhavna,referral,2026-07-17,never_logged,6683290277,
referral:RF0284,CAND-referral-RF0216,Payal,referral,2026-07-17,never_logged,6029959406,
referral:RF0287,CAND-referral-RF0287,Jyoti,referral,2026-07-19,never_logged,9775600774,
referral:RF0288,CAND-careers-5262,Arun Singh,referral,2026-07-19,never_logged,,arunsingh@gmail.com
referral:RF0292,CAND-referral-RF0292,Nitin Kumar,referral,2026-07-22,never_logged,7901402221,nitin.kumar18@hotmail.com
referral:RF0297,CAND-referral-RF0297,Amit S,referral,2026-07-24,never_logged,9319693702,amit69@gmail.com
referral:RF0298,CAND-referral-RF0298,Priya,referral,2026-07-25,never_logged,7005434977,priyathomas@gmail.com
referral:RF0299,CAND-referral-RF0299,Rahul,referral,2026-07-26,wrongly_marked_duplicate,,
referral:RF0300,CAND-referral-RF0300,Priya Fernandes,referral,2026-07-26,never_logged,8592915676,
referral:RF0301,CAND-referral-RF0301,Amit Shaikh,referral,2026-07-27,never_logged,8878392139,
referral:RF0303,CAND-referral-RF0303,Rahul Yadav,referral,2026-07-29,wrongly_marked_duplicate,9594216816,yadav.rahul@hotmail.com
referral:RF0308,CAND-referral-RF0308,Shreya Mishra,referral,2026-07-31,logged_not_screened,7033372657,
tracker:1854,CAND-careers-5560,Rahul Sharma,walk_in,2026-07-06,wrongly_marked_duplicate,8122743111,sharmarahul@gmail.com
whatsapp:916231551387@2026-07-21T10:42,CAND-whatsapp-916231551387@2026-05-21T11-55,Nisha Tiwari,whatsapp,2026-07-21,logged_not_screened,6231551387,
whatsapp:916428878068@2026-07-08T22:35,CAND-whatsapp-916428878068@2026-07-08T22-35,,whatsapp,2026-07-08,never_logged,6428878068,
whatsapp:916496291103@2026-07-13T17:55,CAND-whatsapp-916496291103@2026-07-13T17-55,Deepak Singh,whatsapp,2026-07-13,never_logged,6496291103,
whatsapp:916591608061@2026-07-20T18:19,CAND-whatsapp-916591608061@2026-07-20T18-19,Pooja Kumar,whatsapp,2026-07-20,wrongly_marked_duplicate,6591608061,
whatsapp:916678682967@2026-07-25T22:42,CAND-whatsapp-916678682967@2026-07-25T22-42,Neha Kumar,whatsapp,2026-07-25,never_logged,6678682967,
whatsapp:916793054319@2026-07-15T21:55,CAND-whatsapp-916793054319@2026-07-15T21-55,Amit Bose,whatsapp,2026-07-15,wrongly_marked_duplicate,6793054319,
whatsapp:916795150885@2026-07-29T21:11,CAND-whatsapp-916795150885@2026-07-29T21-11,Sunita Chauhan,whatsapp,2026-07-29,never_logged,6795150885,
whatsapp:917111703459@2026-07-19T16:04,CAND-whatsapp-917111703459@2026-07-19T16-04,,whatsapp,2026-07-19,never_logged,7111703459,
whatsapp:917336833755@2026-07-22T15:02,CAND-careers-5295,Ravi Kumar,whatsapp,2026-07-22,never_logged,7336833755,
whatsapp:917419716533@2026-07-01T19:37,CAND-whatsapp-917419716533@2026-07-01T19-37,,whatsapp,2026-07-01,never_logged,7419716533,
whatsapp:917522911605@2026-07-13T18:35,CAND-referral-RF0139,Harpreet,whatsapp,2026-07-13,wrongly_marked_duplicate,7522911605,
whatsapp:917569796429@2026-07-27T20:13,CAND-whatsapp-917569796429@2026-07-27T20-13,Bhavna Shaikh,whatsapp,2026-07-27,never_logged,7569796429,
whatsapp:917656533211@2026-07-20T16:34,CAND-whatsapp-917656533211@2026-07-20T16-34,,whatsapp,2026-07-20,never_logged,7656533211,
whatsapp:917830104218@2026-07-16T21:04,CAND-whatsapp-917830104218@2026-07-16T21-04,Kavya Bhat,whatsapp,2026-07-16,never_logged,7830104218,
whatsapp:918146238671@2026-07-30T16:38,CAND-whatsapp-918146238671@2026-07-30T16-38,Priya Singh,whatsapp,2026-07-30,wrongly_marked_duplicate,8146238671,priya47@gmail.com
whatsapp:918406802523@2026-07-12T20:23,CAND-whatsapp-918406802523@2026-07-12T20-23,Rahul Sharma,whatsapp,2026-07-12,never_logged,8406802523,
whatsapp:918537927264@2026-07-12T11:25,CAND-job_board-JB-100274,Arun Naidu,whatsapp,2026-07-12,never_logged,8537927264,
whatsapp:918541309100@2026-07-23T22:48,CAND-whatsapp-918541309100@2026-07-23T22-48,,whatsapp,2026-07-23,wrongly_marked_duplicate,8541309100,
whatsapp:919168538673@2026-07-16T19:41,CAND-whatsapp-919168538673@2026-07-16T19-41,,whatsapp,2026-07-16,never_logged,9168538673,
whatsapp:919210760167@2026-07-09T16:49,CAND-whatsapp-919210760167@2026-07-09T16-49,,whatsapp,2026-07-09,never_logged,9210760167,
whatsapp:919638500427@2026-07-13T14:35,CAND-whatsapp-919638500427@2026-07-13T14-35,,whatsapp,2026-07-13,never_logged,9638500427,
whatsapp:919747232137@2026-07-21T18:54,CAND-whatsapp-919747232137@2026-07-21T18-54,Geeta Kaur,whatsapp,2026-07-21,wrongly_marked_duplicate,9747232137,
whatsapp:919811981784@2026-07-02T11:55,CAND-whatsapp-919811981784@2026-07-02T11-55,Geeta Sharma,whatsapp,2026-07-02,wrongly_marked_duplicate,9811981784,
whatsapp:919862784043@2026-07-01T22:39,CAND-whatsapp-919862784043@2026-07-01T22-39,,whatsapp,2026-07-01,never_logged,9862784043,
whatsapp:919906005111@2026-07-09T14:21,CAND-whatsapp-919906005111@2026-07-09T14-21,,whatsapp,2026-07-09,never_logged,9906005111,
whatsapp:919979952387@2026-07-12T09:54,CAND-careers-5266,Sanjay Ghosh,whatsapp,2026-07-12,never_logged,9979952387,sanjayghosh72@gmail.com
