Timestamp,Your name (referrer),Your phone,Candidate name,Candidate phone,Candidate email,How do you know them?,form_response_id
01/01/2026 11:24:25,Sanjay Kumar,9026599020,Rahul B,997 584 3170,rahulbhat@yahoo.com,Friend,RF0001
02/01/2026 09:36:04,Rohit Pandey,7869500380,Neha B,814 592 0985,-,Neighbour,RF0002
02/01/2026 22:31:09,Ajay Malhotra,7491896927,Farah,7520378608,farahmalhotra@rediffmail.com,Friend,RF0003
03/01/2026 18:47:09,Nitin Pillai,7758280232,Pooja Verma,869 630 3804,,Friend,RF0005
03/01/2026 21:50:35,Joseph Gupta,9145198756,Karan Verma,6346250027,kverma26@gmail.com,College,RF0004
05/01/2026 14:09:26,Lakshmi Naidu,8925136914,Shreya,+91 83217 06767,,Ex-colleague,RF0006
07/01/2026 14:42:54,Nitin Pillai,7758280232,Neha P,756 518 6984,neha.patel@yahoo.com,College,RF0007
07/01/2026 21:10:47,Rohit Pandey,7869500380,Neha S,6004708174,neha.sharma70@yahoo.com,Friend,RF0008
08/01/2026 08:18:31,Rohit Kapoor,7722045882,Arjun Verma,,NA,Neighbour,RF0009
08/01/2026 23:27:53,Nitin Pillai,7758280232,Sandeep K,7970397420,NA,Friend,RF0010
09/01/2026 18:56:24,Meera Sharma,7156637153,Rohit Jain,7593729332,,College,RF0012
09/01/2026 23:37:21,Meera Sharma,7156637153,Bhavna Bhat,8936215278,na,Ex-colleague,RF0011
10/01/2026 11:49:50,Meera Sharma,7156637153,Rohit J,925 443 1880,na,Neighbour,RF0013
12/01/2026 13:26:31,Rohit Kapoor,7722045882,Ankita Verma,+91 89497 71464,na,Friend,RF0014
12/01/2026 18:44:33,Nisha Bose,6572601570,Arjun Patel,+91 94824 09863,apatel15@gmail.com,Cousin,RF0016
12/01/2026 19:33:29,Joseph Nair,6061623479,Pooja,7263723937,psingh36@rediffmail.com,Cousin,RF0015
13/01/2026 19:37:35,Suresh Singh,9852286869,Neha M,783 039 0511,,Friend,RF0017
14/01/2026 21:23:54,Rahul Reddy,6249945031,Naveen Kumar,7331360128,-,College,RF0018
15/01/2026 08:12:13,Priya Reddy,8929828379,Jyoti Yadav,+91 73611 54174,,Neighbour,RF0020
15/01/2026 19:46:07,Pooja Pillai,7475718010,Priya,+91 80840 12002,na,College,RF0019
16/01/2026 11:13:44,Swati Joshi,7873795421,Priya Sharma,+91 78382 85229,,Ex-colleague,RF0021
16/01/2026 20:09:28,Joseph Gupta,9145198756,Mohit Ghosh,+91 87955 89849,mohit.ghosh@gmail.com,Friend,RF0022
17/01/2026 12:48:42,Swati Joshi,7873795421,Amit,7739956776,,Ex-colleague,RF0023
17/01/2026 22:12:33,Nisha Bose,6572601570,Shreya S,8378622778,shreya79@gmail.com,Neighbour,RF0024
18/01/2026 11:22:33,Sanjay Kumar,9026599020,Sneha,800 568 4606,,Ex-colleague,RF0026
18/01/2026 23:45:24,Ritu Kaur,6949620702,Vivek Mishra,860 094 3490,-,Cousin,RF0025
20/01/2026 19:25:21,Nisha Bose,6572601570,Payal Jain,6572601570,NA,Cousin,RF0027
21/01/2026 16:22:24,Ankita Jain,7370625179,Nisha Khan,733 537 9326,khan.nisha@yahoo.com,Ex-colleague,RF0029
21/01/2026 16:26:44,Shreya Verma,9059646295,Sunita B,8854359526,sunitabose@gmail.com,Neighbour,RF0030
21/01/2026 19:08:47,Komal Sharma,9286213748,Shreya P,615 383 2415,,College,RF0028
22/01/2026 11:20:25,Joseph Nair,6061623479,Pooja,+91 66632 31532,patel.pooja@outlook.com,Friend,RF0032
22/01/2026 20:57:34,Nisha Jain,9396684717,Sanjay M,9652519030,-,College,RF0031
23/01/2026 13:06:01,Komal Sharma,9286213748,Anjali Sharma,8823988203,NA,Cousin,RF0036
23/01/2026 13:06:39,Shreya Verma,9059646295,Rahul J,9059646295,,College,RF0033
23/01/2026 19:21:49,Priya Reddy,8929828379,Neha Sharma,8689945225,,Friend,RF0034
23/01/2026 22:36:44,Lakshmi Naidu,8925136914,Rohit A,7535284786,rohitagarwal@rediffmail.com,Cousin,RF0035
24/01/2026 22:21:50,Shreya Verma,9059646295,Ankita S,+91 73796 80535,-,Neighbour,RF0037
25/01/2026 22:21:55,Pooja Gupta,9962501452,Geeta Verma,665 373 8128,na,College,RF0038
26/01/2026 18:27:56,Amit Verma,6285232851,Lakshmi Kumar,871 341 9169,,College,RF0039
28/01/2026 14:45:38,Rahul Reddy,6249945031,Rekha,643 927 9035,rreddy47@yahoo.com,Friend,RF0040
29/01/2026 13:44:32,Manish Sharma,9443214732,Aarti,+91 69019 58957,-,Ex-colleague,RF0041
29/01/2026 19:32:51,Ajay Malhotra,7491896927,Geeta Sharma,7491896927,na,Friend,RF0042
30/01/2026 22:54:37,Ajay Malhotra,7491896927,Amit,7456844373,,College,RF0043
31/01/2026 08:05:46,Nisha Bose,6572601570,Sunita Kumar,,,Neighbour,RF0046
31/01/2026 16:26:40,Rohit Pandey,7869500380,Naveen Patel,621 492 5772,patel.naveen@gmail.com,College,RF0044
31/01/2026 21:13:56,Swati Joshi,7873795421,Venkat Kaur,7029391296,NA,Ex-colleague,RF0045
01/02/2026 18:37:50,Manish Sharma,9443214732,Divya D,616 215 3203,,Cousin,RF0048
01/02/2026 20:59:23,Pooja Pillai,7475718010,Nitin N,855 106 5538,-,Friend,RF0047
02/02/2026 13:41:59,Nisha Bose,6572601570,Priya Sharma,783 467 1886,na,Friend,RF0049
02/02/2026 14:29:44,Joseph Nair,6061623479,Sai K,8423048905,,Friend,RF0050
05/02/2026 12:45:09,Nisha Jain,9396684717,Bhavna Fernandes,9396684717,bhavnafernandes@outlook.com,Ex-colleague,RF0051
06/02/2026 19:48:50,Sanjay Kumar,9026599020,Venkat,6451085796,,Neighbour,RF0052
07/02/2026 17:08:49,Lakshmi Naidu,8925136914,Ravi Kapoor,9937340219,NA,Neighbour,RF0053
08/02/2026 21:07:55,Suresh Singh,9852286869,Vikas,773 520 6451,na,Ex-colleague,RF0054
10/02/2026 08:58:08,Ritu Kaur,6949620702,Karan,871 658 8406,na,College,RF0056
10/02/2026 19:11:48,Pooja Pillai,7475718010,Komal K,+91 76976 90601,na,Neighbour,RF0055
11/02/2026 18:31:03,Swati Joshi,7873795421,Swati I,909 533 7104,swati.iyer72@gmail.com,Ex-colleague,RF0057
15/02/2026 15:21:53,Joseph Nair,6061623479,Venkat Malhotra,962 503 4813,na,Cousin,RF0058
17/02/2026 22:11:14,Ritu Kaur,6949620702,Neha M,,nmalhotra13@gmail.com,College,RF0059
19/02/2026 09:23:19,Amit Verma,6285232851,Aarti R,+91 81084 56620,,Cousin,RF0060
19/02/2026 10:22:00,Joseph Nair,6061623479,Amit Iyer,+91 74568 44373,,College,RF0063
19/02/2026 11:34:44,Komal Sharma,9286213748,Tarun,9286213748,NA,College,RF0061
19/02/2026 16:01:00,Manish Sharma,9443214732,Neha Patel,7565186984,neha51@gmail.com,College,RF0064
19/02/2026 16:30:28,Shreya Verma,9059646295,Amit Das,+91 87329 77980,,Neighbour,RF0062
22/02/2026 16:06:56,Rohit Pandey,7869500380,Shreya S,738 891 0439,NA,Ex-colleague,RF0065
23/02/2026 21:49:13,Pooja Gupta,9962501452,Ankita,+91 95286 49763,ankitarao@outlook.com,College,RF0066
24/02/2026 09:39:04,Rahul Iyer,9717897812,Karan Y,936 237 7339,yadav.karan@gmail.com,Friend,RF0067
24/02/2026 11:22:59,Suresh Singh,9852286869,Joseph,9852286869,-,Ex-colleague,RF0068
25/02/2026 21:35:00,Priya Reddy,8929828379,Sunita,6985485044,-,Friend,RF0069
25/02/2026 23:31:22,Ritu Kaur,6949620702,Farah Malhotra,+91 75203 78608,,Friend,RF0070
26/02/2026 15:03:00,Rohit Kapoor,7722045882,Rekha R,+91 89731 64870,-,Neighbour,RF0072
26/02/2026 16:02:36,Rohit Kapoor,7722045882,Ajay,818 340 1654,ajay.mishra46@gmail.com,College,RF0071
01/03/2026 22:07:00,Meera Sharma,7156637153,Gaurav,+91 73900 80171,-,Cousin,RF0073
02/03/2026 18:48:46,Rahul Reddy,6249945031,Amit Jain,+91 96032 15431,ajain14@gmail.com,Neighbour,RF0074
03/03/2026 13:20:19,Meera Sharma,7156637153,Bhavna Bhat,8936215278,,Ex-colleague,RF0076
03/03/2026 14:10:01,Priya Reddy,8929828379,Manish Singh,+91 73402 03271,na,Friend,RF0075
04/03/2026 18:58:26,Sanjay Kumar,9026599020,Rahul,742 588 1668,rahul.reddy@yahoo.com,College,RF0077
05/03/2026 14:36:15,Sanjay Kumar,9026599020,Amit Iyer,+91 74568 44373,amitiyer74@gmail.com,Cousin,RF0078
06/03/2026 23:53:58,Joseph Nair,6061623479,Harish Yadav,731 992 3496,yadav.harish@gmail.com,Friend,RF0079
07/03/2026 11:55:42,Komal Sharma,9286213748,Jyoti V,984 358 4782,jyoti6@gmail.com,College,RF0080
07/03/2026 12:29:11,Joseph Nair,6061623479,Shreya Sharma,837 862 2778,shreya79@gmail.com,Ex-colleague,RF0081
07/03/2026 18:22:23,Rahul Reddy,6249945031,Sanjay Mehta,965 251 9030,-,Cousin,RF0082
08/03/2026 10:25:41,Nitin Pillai,7758280232,Pooja Patel,666 323 1532,,Cousin,RF0084
08/03/2026 23:42:55,Rohit Pandey,7869500380,Payal Jain,8733105914,,College,RF0083
09/03/2026 11:55:12,Nisha Jain,9396684717,Lakshmi Verma,7996995658,na,College,RF0085
10/03/2026 14:29:16,Komal Sharma,9286213748,Amit,+91 91907 29848,amitfernandes@gmail.com,Ex-colleague,RF0086
11/03/2026 23:24:35,Ankita Jain,7370625179,Geeta,+91 87638 72584,-,Friend,RF0087
12/03/2026 13:28:09,Manish Sharma,9443214732,Ravi K,9937340219,,Neighbour,RF0089
12/03/2026 20:37:42,Swati Joshi,7873795421,Karan V,,,Friend,RF0088
13/03/2026 12:27:38,Meera Sharma,7156637153,Rahul,,rahul.kumar90@gmail.com,Ex-colleague,RF0091
13/03/2026 15:13:12,Pooja Gupta,9962501452,Lakshmi Bhat,871 580 7113,lakshmi.bhat@gmail.com,College,RF0090
14/03/2026 10:37:52,Rohit Kapoor,7722045882,Jyoti,706 919 7036,-,Neighbour,RF0093
14/03/2026 12:57:16,Amit Verma,6285232851,Sai Mehta,837 145 1424,sai21@gmail.com,Ex-colleague,RF0094
14/03/2026 19:26:28,Rohit Kapoor,7722045882,Venkat Singh,+91 96500 81747,,Ex-colleague,RF0092
15/03/2026 10:23:38,Rohit Pandey,7869500380,Lakshmi Verma,+91 96616 75280,NA,Ex-colleague,RF0095
15/03/2026 21:37:31,Priya Reddy,8929828379,Naveen M,6147888802,mehta.naveen@gmail.com,College,RF0096
16/03/2026 08:12:43,Ritu Kaur,6949620702,Rakesh Gupta,703 680 2633,,Neighbour,RF0098
16/03/2026 23:28:21,Shreya Verma,9059646295,Manish V,,-,Neighbour,RF0097
17/03/2026 08:10:11,Komal Sharma,9286213748,Rahul,+91 75784 95127,rahul90@gmail.com,Neighbour,RF0101
17/03/2026 14:20:59,Komal Sharma,9286213748,Swati,9799780231,swatipatel@rediffmail.com,Ex-colleague,RF0099
17/03/2026 19:24:00,Ankita Jain,7370625179,Nitin,685 928 6183,NA,Friend,RF0100
18/03/2026 08:25:46,Swati Joshi,7873795421,Farah Pandey,726 319 1492,-,College,RF0102
18/03/2026 09:21:14,Joseph Gupta,9145198756,Rohit Kapoor,+91 63224 37097,-,Neighbour,RF0103
19/03/2026 20:33:16,Ankita Jain,7370625179,Neha,+91 71875 44237,-,Friend,RF0104
20/03/2026 12:15:22,Lakshmi Sharma,7842668141,Rahul Mehta,8116512006,mehta.rahul@gmail.com,Friend,RF0105
20/03/2026 15:39:55,Lakshmi Sharma,7842668141,Ritu,964 799 3316,rgill9@gmail.com,Cousin,RF0106
21/03/2026 10:25:08,Pooja Pillai,7475718010,Rahul,7710780988,,Neighbour,RF0108
21/03/2026 19:17:55,Joseph Nair,6061623479,Naveen N,858 750 4384,,Cousin,RF0107
22/03/2026 21:18:06,Shreya Verma,9059646295,Priya P,725 285 5573,ppatel75@gmail.com,Neighbour,RF0109
23/03/2026 16:07:37,Swati Joshi,7873795421,Harish,+91 75079 75870,NA,Cousin,RF0110
23/03/2026 21:19:56,Rohit Pandey,7869500380,Arjun Verma,8445815904,arjunverma@gmail.com,College,RF0111
24/03/2026 10:49:52,Suresh Singh,9852286869,Sai,+91 68796 82455,NA,Ex-colleague,RF0112
24/03/2026 17:39:14,Rahul Reddy,6249945031,Amit G,+91 61781 99985,amitgupta@rediffmail.com,Friend,RF0113
25/03/2026 09:41:05,Sanjay Kumar,9026599020,Amit,,-,College,RF0114
25/03/2026 16:39:56,Swati Joshi,7873795421,Venkat Agarwal,910 232 6879,na,Neighbour,RF0115
26/03/2026 08:16:46,Joseph Gupta,9145198756,Kavya,,,Neighbour,RF0116
26/03/2026 17:20:35,Ritu Kaur,6949620702,Swati,909 533 7104,swati.iyer72@gmail.com,Ex-colleague,RF0117
29/03/2026 11:03:37,Lakshmi Sharma,7842668141,Rahul,8298574375,rjain66@gmail.com,College,RF0119
29/03/2026 11:52:34,Sanjay Kumar,9026599020,Rekha Kaur,943 032 6820,NA,College,RF0118
30/03/2026 10:18:25,Pooja Gupta,9962501452,Neha V,847 028 8174,-,Ex-colleague,RF0120
01/04/2026 12:47:35,Pooja Pillai,7475718010,Joseph Patel,770 494 5992,NA,Ex-colleague,RF0123
01/04/2026 16:00:58,Ritu Kaur,6949620702,Harpreet,+91 76518 57868,,Ex-colleague,RF0121
01/04/2026 23:00:36,Nisha Jain,9396684717,Venkat D'Souza,+91 64510 85796,na,Ex-colleague,RF0122
03/04/2026 21:36:54,Nitin Pillai,7758280232,Neha S,+91 86899 45225,,Neighbour,RF0124
05/04/2026 09:52:03,Swati Joshi,7873795421,Venkat Kaur,702 939 1296,,Neighbour,RF0125
07/04/2026 15:27:37,Ritu Kaur,6949620702,Imran Gupta,+91 86698 69316,na,Cousin,RF0127
07/04/2026 17:49:32,Rohit Kapoor,7722045882,Nisha Gill,9469193349,gillnisha@gmail.com,College,RF0126
07/04/2026 21:35:35,Pooja Pillai,7475718010,Amit I,745 684 4373,aiyer56@gmail.com,Cousin,RF0128
09/04/2026 10:35:45,Joseph Gupta,9145198756,Preeti P,729 860 9123,NA,College,RF0129
09/04/2026 12:05:41,Amit Verma,6285232851,Harish V,+91 91318 82717,na,College,RF0130
09/04/2026 17:45:24,Lakshmi Naidu,8925136914,Komal,+91 72085 56038,komal90@gmail.com,Cousin,RF0131
10/04/2026 13:01:49,Ritu Kaur,6949620702,Naveen Nair,6949620702,,Ex-colleague,RF0134
10/04/2026 14:22:23,Rahul Reddy,6249945031,Pooja F,7303569366,pooja.fernandes@gmail.com,Neighbour,RF0132
10/04/2026 14:26:54,Joseph Nair,6061623479,Amit D,,amit.das34@gmail.com,College,RF0133
11/04/2026 14:33:03,Pooja Pillai,7475718010,Joseph Singh,726 698 4742,singh.joseph@gmail.com,Cousin,RF0136
11/04/2026 21:27:23,Nitin Pillai,7758280232,Preeti Singh,9923858531,preeti94@rediffmail.com,Cousin,RF0135
13/04/2026 08:13:40,Rohit Pandey,7869500380,Rahul Y,+91 75784 95127,rahul90@gmail.com,Cousin,RF0138
13/04/2026 21:07:17,Lakshmi Sharma,7842668141,Prakash,6640130227,na,Friend,RF0137
14/04/2026 18:34:56,Sanjay Kumar,9026599020,Harpreet,752 291 1605,,College,RF0139
15/04/2026 16:44:11,Rohit Kapoor,7722045882,Mary,9278140980,maryfernandes@yahoo.com,Cousin,RF0140
15/04/2026 20:51:33,Ritu Kaur,6949620702,Rahul Kumar,+91 62138 09312,rahulkumar90@gmail.com,Ex-colleague,RF0142
15/04/2026 22:24:56,Ajay Malhotra,7491896927,Harpreet Kumar,6767285811,,College,RF0141
16/04/2026 13:06:55,Komal Sharma,9286213748,Geeta Pandey,+91 87638 72584,,Neighbour,RF0144
16/04/2026 15:12:46,Manish Sharma,9443214732,Farah,+91 75203 78608,farah.malhotra41@gmail.com,Friend,RF0143
17/04/2026 17:36:15,Komal Sharma,9286213748,Swati Jain,6122652555,swati.jain89@hotmail.com,Ex-colleague,RF0145
18/04/2026 15:14:52,Joseph Nair,6061623479,Ankita,952 864 9763,NA,Ex-colleague,RF0146
19/04/2026 12:35:18,Shreya Verma,9059646295,Komal Malhotra,9059646295,,Ex-colleague,RF0147
19/04/2026 13:25:43,Komal Sharma,9286213748,Gurpreet Kaur,907 933 4160,,College,RF0148
20/04/2026 14:59:06,Rohit Pandey,7869500380,Nisha,809 021 8497,-,College,RF0149
20/04/2026 21:34:40,Manish Sharma,9443214732,Meera,+91 90573 49415,NA,Ex-colleague,RF0150
21/04/2026 16:25:09,Manish Sharma,9443214732,Ankita,647 409 1478,NA,Cousin,RF0152
21/04/2026 18:40:05,Ajay Malhotra,7491896927,Preeti Gill,+91 99068 14188,-,College,RF0151
22/04/2026 22:36:56,Nisha Bose,6572601570,Neha Verma,6919374633,,Neighbour,RF0153
25/04/2026 08:17:51,Komal Sharma,9286213748,Priya B,8343562047,na,Ex-colleague,RF0155
25/04/2026 10:30:46,Ritu Kaur,6949620702,Vivek N,7641102875,,Friend,RF0154
26/04/2026 11:33:20,Joseph Nair,6061623479,Shreya Sharma,7388910439,shreyasharma@gmail.com,Friend,RF0158
26/04/2026 15:45:56,Lakshmi Sharma,7842668141,Rakesh Patel,6647385032,rakesh42@gmail.com,Cousin,RF0156
26/04/2026 17:19:24,Manish Sharma,9443214732,Harish N,9443214732,harishnaidu@outlook.com,Friend,RF0157
27/04/2026 12:59:42,Ajay Malhotra,7491896927,Farah S,615 430 8522,farah.sharma@gmail.com,Friend,RF0159
27/04/2026 23:21:30,Manish Sharma,9443214732,Neha Khan,+91 71875 44237,neha74@hotmail.com,College,RF0160
28/04/2026 21:51:49,Sanjay Kumar,9026599020,Shreya,9951782737,na,Ex-colleague,RF0161
29/04/2026 20:09:55,Sanjay Kumar,9026599020,Ankita,9204181628,,Ex-colleague,RF0162
30/04/2026 12:12:48,Suresh Singh,9852286869,Nitin Verma,6859286183,nitin.verma@hotmail.com,Friend,RF0164
30/04/2026 21:25:22,Pooja Pillai,7475718010,Lakshmi P,+91 95551 53625,NA,Cousin,RF0163
01/05/2026 08:42:41,Lakshmi Naidu,8925136914,Rohit Patel,+91 67032 54976,patel.rohit@outlook.com,Neighbour,RF0166
01/05/2026 09:36:59,Rahul Reddy,6249945031,Priya Sharma,6428878068,priya.sharma68@hotmail.com,Friend,RF0165
02/05/2026 18:20:01,Joseph Nair,6061623479,Neha,6061623479,neha51@gmail.com,Neighbour,RF0169
02/05/2026 19:12:10,Lakshmi Naidu,8925136914,Sandeep D'Souza,918 512 5674,sandeepdsouza@gmail.com,Friend,RF0168
02/05/2026 19:15:28,Rahul Iyer,9717897812,Sanjay Saxena,7375990810,,Neighbour,RF0167
02/05/2026 20:35:40,Amit Verma,6285232851,Sunita S,6285232851,,College,RF0170
03/05/2026 13:32:35,Pooja Gupta,9962501452,Priya S,+91 87120 85232,priya.sharma@outlook.com,Ex-colleague,RF0174
03/05/2026 13:58:11,Ankita Jain,7370625179,Shreya Patel,7094379166,spatel24@outlook.com,Neighbour,RF0171
03/05/2026 19:06:01,Rahul Iyer,9717897812,Rahul,+91 81882 18098,rrao59@gmail.com,College,RF0173
03/05/2026 21:18:56,Shreya Verma,9059646295,Ankita B,7696101491,NA,Friend,RF0172
06/05/2026 18:30:49,Rohit Pandey,7869500380,Rahul,7393225757,rgupta78@gmail.com,Friend,RF0175
07/05/2026 13:50:24,Priya Reddy,8929828379,Jyoti Pillai,,,College,RF0176
08/05/2026 11:27:42,Rahul Iyer,9717897812,Gaurav Thomas,651 517 5742,thomas.gaurav@yahoo.com,Ex-colleague,RF0177
09/05/2026 08:45:53,Joseph Gupta,9145198756,Amit Sharma,+91 63284 15688,amit.sharma55@gmail.com,College,RF0178
09/05/2026 12:58:47,Rohit Pandey,7869500380,Mary G,+91 75566 54030,,Neighbour,RF0179
10/05/2026 08:22:34,Nisha Bose,6572601570,Joseph,808 282 8093,joseph57@gmail.com,Cousin,RF0180
11/05/2026 15:58:32,Sanjay Kumar,9026599020,Meera C,+91 68097 66782,,Neighbour,RF0181
12/05/2026 14:39:27,Nisha Bose,6572601570,Manish Singh,833 457 5422,msingh90@gmail.com,Neighbour,RF0184
12/05/2026 15:57:26,Ritu Kaur,6949620702,Sneha,9292181852,sneha75@hotmail.com,Cousin,RF0183
12/05/2026 20:49:07,Komal Sharma,9286213748,Deepak S,,deepaksingh@rediffmail.com,College,RF0185
12/05/2026 21:13:10,Rahul Iyer,9717897812,Aarti G,9717897812,NA,Ex-colleague,RF0182
13/05/2026 09:40:45,Shreya Verma,9059646295,Sunita Pandey,939 484 0857,sunita.pandey83@gmail.com,College,RF0186
14/05/2026 14:15:36,Priya Reddy,8929828379,Farah K,,farah.kumar70@outlook.com,Cousin,RF0188
14/05/2026 22:13:55,Suresh Singh,9852286869,Mary Fernandes,+91 61312 51282,mary32@gmail.com,Friend,RF0187
15/05/2026 15:02:38,Meera Sharma,7156637153,Venkat G,+91 65586 26178,venkat39@gmail.com,Neighbour,RF0189
15/05/2026 23:27:11,Manish Sharma,9443214732,Sanjay G,913 767 3156,,Friend,RF0190
16/05/2026 09:42:42,Rahul Reddy,6249945031,Rohit G,+91 60734 53960,rghosh75@gmail.com,Neighbour,RF0191
18/05/2026 08:27:14,Priya Reddy,8929828379,Joseph,+91 72669 84742,na,Ex-colleague,RF0193
18/05/2026 15:09:30,Nisha Bose,6572601570,Deepak Naidu,9900128615,,Cousin,RF0192
20/05/2026 13:57:59,Komal Sharma,9286213748,Shreya Chauhan,912 295 1921,NA,Friend,RF0194
21/05/2026 16:01:55,Ajay Malhotra,7491896927,Divya,776 886 8507,divyasingh@hotmail.com,Friend,RF0195
23/05/2026 18:05:45,Suresh Singh,9852286869,Manish M,+91 83714 51424,,Cousin,RF0196
24/05/2026 14:22:06,Manish Sharma,9443214732,Imran Nair,9076752153,NA,Neighbour,RF0198
24/05/2026 22:33:26,Nitin Pillai,7758280232,Bhavna Kumar,977 994 8944,bhavna37@gmail.com,Neighbour,RF0197
25/05/2026 18:40:32,Komal Sharma,9286213748,Suresh Menon,693 863 7487,smenon71@yahoo.com,Friend,RF0200
25/05/2026 22:31:22,Nisha Jain,9396684717,Imran,9396684717,,Ex-colleague,RF0199
26/05/2026 19:33:19,Lakshmi Naidu,8925136914,Ritu Mishra,7735482656,,College,RF0201
27/05/2026 09:11:34,Joseph Nair,6061623479,Swati Patel,6061623479,-,Ex-colleague,RF0202
28/05/2026 09:51:55,Sanjay Kumar,9026599020,Rohit Kumar,896 167 1127,rohit.kumar3@hotmail.com,Cousin,RF0203
28/05/2026 19:59:36,Nitin Pillai,7758280232,Manish Verma,628 187 7353,verma.manish@gmail.com,Neighbour,RF0204
28/05/2026 20:37:27,Ankita Jain,7370625179,Deepak Agarwal,9498861402,na,Cousin,RF0205
30/05/2026 12:30:39,Sanjay Kumar,9026599020,Imran Das,9462699665,,Neighbour,RF0207
30/05/2026 20:16:37,Nisha Bose,6572601570,Neha D,817 953 4247,-,College,RF0206
30/05/2026 21:12:41,Joseph Gupta,9145198756,Nisha,8090218497,na,College,RF0209
30/05/2026 21:30:59,Rahul Iyer,9717897812,Nitin M,8629740424,,Ex-colleague,RF0208
01/06/2026 21:24:17,Nisha Bose,6572601570,Geeta P,+91 87638 72584,geetapandey@gmail.com,College,RF0210
03/06/2026 08:08:25,Pooja Gupta,9962501452,Shreya Joshi,6258901307,NA,Neighbour,RF0212
03/06/2026 14:40:52,Komal Sharma,9286213748,Ajay S,,NA,Ex-colleague,RF0211
04/06/2026 13:59:12,Nisha Bose,6572601570,Rekha,682 697 4639,-,Cousin,RF0213
05/06/2026 08:19:14,Pooja Gupta,9962501452,Rohit,+91 79524 30605,,Ex-colleague,RF0215
05/06/2026 22:05:45,Ritu Kaur,6949620702,Ritu Verma,,NA,College,RF0214
07/06/2026 09:53:22,Nitin Pillai,7758280232,Payal,6029959406,na,Cousin,RF0216
07/06/2026 16:10:54,Rahul Reddy,6249945031,Farah Singh,+91 62185 71599,na,Neighbour,RF0217
08/06/2026 20:49:46,Ankita Jain,7370625179,Farah Kumar,+91 88717 31110,,Cousin,RF0219
08/06/2026 23:21:54,Priya Reddy,8929828379,Venkat Sharma,8929828379,venkat98@gmail.com,Ex-colleague,RF0218
09/06/2026 15:23:22,Swati Joshi,7873795421,Bhavna Jain,+91 64949 46864,bhavna4@yahoo.com,Friend,RF0220
09/06/2026 18:42:21,Lakshmi Sharma,7842668141,Nisha G,7842668141,NA,Ex-colleague,RF0221
10/06/2026 21:32:45,Pooja Gupta,9962501452,Pooja Rao,793 363 7194,poojarao96@gmail.com,Neighbour,RF0222
11/06/2026 13:40:31,Lakshmi Sharma,7842668141,Nitin,6859286183,-,Friend,RF0224
11/06/2026 16:36:59,Joseph Gupta,9145198756,Pooja Kumar,6038507233,NA,College,RF0223
12/06/2026 09:03:33,Pooja Pillai,7475718010,Harpreet Iyer,7182722358,hiyer26@gmail.com,Ex-colleague,RF0226
12/06/2026 16:42:40,Lakshmi Naidu,8925136914,Joseph G,904 486 3939,josephghosh@gmail.com,Friend,RF0225
13/06/2026 13:04:28,Amit Verma,6285232851,Komal Verma,890 847 8450,,Ex-colleague,RF0229
13/06/2026 14:00:17,Priya Reddy,8929828379,Rohit Yadav,7010824389,rohityadav@outlook.com,Friend,RF0230
13/06/2026 19:37:35,Nisha Bose,6572601570,Divya,+91 80513 49724,-,Neighbour,RF0228
13/06/2026 21:52:17,Joseph Gupta,9145198756,Naveen Reddy,9145198756,,Ex-colleague,RF0227
14/06/2026 11:38:55,Pooja Gupta,9962501452,Gaurav Bose,+91 60386 73773,,College,RF0232
14/06/2026 11:58:19,Ankita Jain,7370625179,Rakesh Kumar,8487942447,na,Friend,RF0231
15/06/2026 15:24:40,Ritu Kaur,6949620702,Sai Patel,9334542018,saipatel@gmail.com,Cousin,RF0234
15/06/2026 19:31:42,Rohit Pandey,7869500380,Pooja Bhat,+91 84238 12722,,Cousin,RF0233
16/06/2026 10:16:16,Nisha Bose,6572601570,Sai Jain,6796312915,,College,RF0235
17/06/2026 21:13:04,Nisha Bose,6572601570,Komal,+91 81778 99497,-,College,RF0236
18/06/2026 12:46:06,Komal Sharma,9286213748,Manish Verma,751 786 9977,,College,RF0237
18/06/2026 21:17:53,Nisha Bose,6572601570,Priya Singh,833 116 3657,priya.singh@outlook.com,Cousin,RF0238
19/06/2026 10:50:38,Manish Sharma,9443214732,Shreya K,995 178 2737,skumar13@gmail.com,Neighbour,RF0239
19/06/2026 11:43:07,Meera Sharma,7156637153,Rahul Yadav,757 849 5127,rahul90@gmail.com,Ex-colleague,RF0240
20/06/2026 17:32:59,Pooja Pillai,7475718010,Sai Saxena,,saisaxena@outlook.com,College,RF0241
21/06/2026 09:07:28,Meera Sharma,7156637153,Prakash,,prakash.kumar60@gmail.com,Neighbour,RF0243
21/06/2026 17:08:48,Nitin Pillai,7758280232,Rohit,7758280232,-,Neighbour,RF0242
21/06/2026 23:22:04,Ritu Kaur,6949620702,Arun Fernandes,7316640776,-,Cousin,RF0244
23/06/2026 16:29:01,Rohit Pandey,7869500380,Swati Tiwari,967 138 0684,NA,College,RF0246
23/06/2026 20:09:23,Ajay Malhotra,7491896927,Lakshmi,+91 85794 82011,,Friend,RF0245
24/06/2026 22:03:56,Suresh Singh,9852286869,Venkat G,6558626178,venkatgupta48@gmail.com,Cousin,RF0247
25/06/2026 23:28:04,Nisha Bose,6572601570,Amit,6572601570,na,Neighbour,RF0248
26/06/2026 22:13:31,Rohit Pandey,7869500380,Imran Sharma,+91 85753 15091,NA,Cousin,RF0249
27/06/2026 09:33:07,Meera Sharma,7156637153,Nisha Kaur,9271200409,na,Cousin,RF0250
27/06/2026 09:44:40,Joseph Gupta,9145198756,Shreya Sharma,+91 73889 10439,shreyasharma@gmail.com,Friend,RF0251
27/06/2026 18:22:47,Rohit Kapoor,7722045882,Venkat Malhotra,9625034813,venkat19@gmail.com,College,RF0252
29/06/2026 21:39:20,Shreya Verma,9059646295,Amit,632 841 5688,,Neighbour,RF0253
30/06/2026 10:37:26,Suresh Singh,9852286869,Jyoti Pillai,+91 94373 56404,-,Friend,RF0257
30/06/2026 13:10:44,Ankita Jain,7370625179,Harpreet Kapoor,824 840 3723,,Cousin,RF0254
30/06/2026 15:45:00,Joseph Gupta,9145198756,Bhavna Sharma,834 572 2950,bhavnasharma@gmail.com,Cousin,RF0255
30/06/2026 18:30:30,Ritu Kaur,6949620702,Neha P,7565186984,,Friend,RF0256
02/07/2026 11:03:58,Lakshmi Naidu,8925136914,Sanjay Saxena,737 599 0810,sanjay.saxena7@yahoo.com,Neighbour,RF0259
02/07/2026 11:35:13,Ankita Jain,7370625179,Manish Mehta,837 145 1424,mmehta41@gmail.com,College,RF0260
02/07/2026 16:46:36,Komal Sharma,9286213748,Sandeep Verma,867 653 9434,na,College,RF0258
03/07/2026 17:09:55,Swati Joshi,7873795421,Neha C,608 491 3678,nehachauhan@rediffmail.com,College,RF0261
04/07/2026 13:46:59,Swati Joshi,7873795421,Deepak Naidu,990 012 8615,-,Cousin,RF0262
05/07/2026 12:03:29,Joseph Nair,6061623479,Bhavna Verma,977 073 7258,bhavna31@gmail.com,Cousin,RF0265
05/07/2026 12:20:30,Rahul Reddy,6249945031,Imran Nair,961 668 0254,imran.nair94@gmail.com,College,RF0263
05/07/2026 18:54:19,Ritu Kaur,6949620702,Prakash Singh,6779763586,prakashsingh@gmail.com,College,RF0264
05/07/2026 23:12:01,Nisha Bose,6572601570,Shreya Patel,7094379166,spatel24@outlook.com,Friend,RF0266
06/07/2026 22:24:16,Joseph Nair,6061623479,Venkat Ghosh,613 666 7058,vghosh86@outlook.com,College,RF0267
08/07/2026 14:03:03,Pooja Pillai,7475718010,Pooja,+91 80622 00206,,Neighbour,RF0268
09/07/2026 12:49:47,Suresh Singh,9852286869,Rohit K,,,Neighbour,RF0269
12/07/2026 11:06:29,Komal Sharma,9286213748,Swati Patel,+91 97997 80231,swatipatel@rediffmail.com,Ex-colleague,RF0271
12/07/2026 19:15:34,Rohit Pandey,7869500380,Jyoti,732 739 3577,NA,Friend,RF0270
13/07/2026 16:42:22,Rohit Kapoor,7722045882,Imran P,7722045882,ipandey85@gmail.com,Ex-colleague,RF0274
13/07/2026 19:22:19,Nitin Pillai,7758280232,Gurpreet,+91 92260 79951,gupta.gurpreet@gmail.com,Cousin,RF0273
13/07/2026 22:34:53,Lakshmi Sharma,7842668141,Pooja Chauhan,6332256288,-,Neighbour,RF0272
14/07/2026 11:29:39,Komal Sharma,9286213748,Venkat Sharma,7788853337,,Ex-colleague,RF0275
15/07/2026 08:08:52,Joseph Gupta,9145198756,Swati P,+91 93354 24240,swatipillai@yahoo.com,Ex-colleague,RF0276
15/07/2026 10:30:22,Joseph Gupta,9145198756,Mary Fernandes,613 125 1282,mary32@gmail.com,Ex-colleague,RF0277
16/07/2026 10:56:04,Lakshmi Sharma,7842668141,Bhavna Singh,7842668141,bhavna.singh91@rediffmail.com,Cousin,RF0279
16/07/2026 18:37:58,Lakshmi Naidu,8925136914,Shreya Singh,8925136914,,Neighbour,RF0281
16/07/2026 18:45:27,Amit Verma,6285232851,Neha Pandey,8388108242,,Ex-colleague,RF0278
16/07/2026 22:00:16,Rahul Reddy,6249945031,Rohit Rao,8860352853,rohitrao@gmail.com,Neighbour,RF0280
17/07/2026 14:58:49,Komal Sharma,9286213748,Kavya,9500586488,-,Neighbour,RF0282
17/07/2026 20:31:59,Rahul Iyer,9717897812,Payal,+91 60299 59406,na,Ex-colleague,RF0284
17/07/2026 23:11:34,Lakshmi Sharma,7842668141,Bhavna,668 329 0277,,Neighbour,RF0283
18/07/2026 18:20:53,Shreya Verma,9059646295,Rohit Sharma,6606273844,NA,College,RF0285
18/07/2026 22:36:23,Lakshmi Sharma,7842668141,Divya R,8506062792,NA,College,RF0286
19/07/2026 11:39:59,Manish Sharma,9443214732,Jyoti,9775600774,na,College,RF0287
19/07/2026 13:35:45,Shreya Verma,9059646295,Sai Jain,+91 67963 12915,,Neighbour,RF0289
19/07/2026 19:15:07,Ankita Jain,7370625179,Arun Singh,,arun.singh@gmail.com,College,RF0288
20/07/2026 19:22:37,Priya Reddy,8929828379,Sunita Khan,816 432 3520,sunita79@yahoo.com,Neighbour,RF0290
21/07/2026 11:23:31,Joseph Nair,6061623479,Aarti,7715751572,-,Friend,RF0291
22/07/2026 16:26:47,Nitin Pillai,7758280232,Nitin Kumar,+91 79014 02221,nitin.kumar18@hotmail.com,Neighbour,RF0292
23/07/2026 08:18:57,Rohit Kapoor,7722045882,Harpreet Pandey,7306354566,,Friend,RF0293
23/07/2026 19:53:14,Joseph Gupta,9145198756,Venkat D'Souza,8101371401,NA,Ex-colleague,RF0294
23/07/2026 20:21:06,Rahul Reddy,6249945031,Manish,833 457 5422,manish70@gmail.com,Neighbour,RF0295
24/07/2026 14:11:30,Joseph Gupta,9145198756,Amit S,9319693702,amit69@gmail.com,Friend,RF0297
24/07/2026 16:27:20,Shreya Verma,9059646295,Farah Patel,794 256 7274,na,Friend,RF0296
25/07/2026 11:15:17,Nisha Jain,9396684717,Priya,7005434977,priya.thomas@gmail.com,Neighbour,RF0298
26/07/2026 10:35:21,Rahul Iyer,9717897812,Rahul,,,Cousin,RF0299
26/07/2026 17:08:10,Meera Sharma,7156637153,Priya Fernandes,+91 85929 15676,na,Neighbour,RF0300
27/07/2026 10:00:23,Rahul Iyer,9717897812,Amit Shaikh,8878392139,NA,Cousin,RF0301
28/07/2026 08:51:43,Sanjay Kumar,9026599020,Mary Joshi,7997667093,-,College,RF0302
29/07/2026 11:02:49,Joseph Gupta,9145198756,Amit Sharma,944 315 8934,amit.sharma17@gmail.com,Neighbour,RF0305
29/07/2026 15:51:03,Joseph Nair,6061623479,Rahul Yadav,959 421 6816,yadav.rahul@hotmail.com,Ex-colleague,RF0303
29/07/2026 17:29:24,Pooja Gupta,9962501452,Joseph Singh,+91 72669 84742,na,Neighbour,RF0304
30/07/2026 19:12:05,Ankita Jain,7370625179,Sunita Tiwari,+91 62259 78350,sunita.tiwari46@rediffmail.com,Neighbour,RF0306
31/07/2026 13:04:39,Komal Sharma,9286213748,Shreya Mishra,7033372657,na,Cousin,RF0308
31/07/2026 16:27:14,Joseph Gupta,9145198756,Ritu,865 049 1695,ritu.nair10@gmail.com,Friend,RF0307
01/08/2026 09:53:39,Joseph Gupta,9145198756,Rakesh K,+91 94165 21851,rakesh.kumar@hotmail.com,Neighbour,RF0309
01/08/2026 21:39:35,Sanjay Kumar,9026599020,Farah Kumar,+91 95006 44245,farah.kumar@yahoo.com,Cousin,RF0310
02/08/2026 08:45:12,Rahul Iyer,9717897812,Pooja S,607 781 8293,na,Ex-colleague,RF0312
02/08/2026 19:04:44,Joseph Gupta,9145198756,Nitin G,+91 61233 46226,,Friend,RF0311
03/08/2026 19:45:28,Pooja Gupta,9962501452,Shreya Jain,823 130 2659,shreyajain11@gmail.com,Ex-colleague,RF0313
04/08/2026 19:06:43,Nisha Bose,6572601570,Gurpreet Rao,,gurpreet.rao@gmail.com,Ex-colleague,RF0314
05/08/2026 13:50:21,Lakshmi Sharma,7842668141,Manish Gupta,713 810 5983,,Friend,RF0315
05/08/2026 15:14:24,Suresh Singh,9852286869,Sunita Chauhan,652 804 0192,-,Neighbour,RF0317
05/08/2026 16:53:20,Swati Joshi,7873795421,Imran D,9462699665,imran30@gmail.com,Cousin,RF0316
06/08/2026 08:45:23,Lakshmi Sharma,7842668141,Amit B,806 246 7464,,Cousin,RF0319
06/08/2026 23:20:12,Rohit Kapoor,7722045882,Meera Verma,+91 71882 81087,NA,College,RF0318
07/08/2026 10:05:16,Shreya Verma,9059646295,Gaurav,668 400 5688,gaurav.yadav@outlook.com,College,RF0320
08/08/2026 10:57:33,Lakshmi Naidu,8925136914,Komal Singh,+91 90488 68650,,Cousin,RF0321
11/08/2026 10:18:29,Meera Sharma,7156637153,Manish Verma,628 187 7353,,Friend,RF0323
11/08/2026 12:23:59,Sanjay Kumar,9026599020,Payal Sharma,+91 86968 62885,,Neighbour,RF0322
11/08/2026 18:26:03,Nisha Jain,9396684717,Amit Sharma,,amitsharma66@gmail.com,Ex-colleague,RF0324
12/08/2026 09:18:01,Meera Sharma,7156637153,Mohit,+91 75227 58995,msharma6@gmail.com,Ex-colleague,RF0325
13/08/2026 08:35:37,Komal Sharma,9286213748,Karan G,7556285846,,Cousin,RF0326
13/08/2026 09:56:49,Lakshmi Sharma,7842668141,Imran,979 249 2754,-,Cousin,RF0327
13/08/2026 12:17:12,Nisha Jain,9396684717,Jyoti Pillai,943 735 6404,,Neighbour,RF0328
14/08/2026 09:52:53,Amit Verma,6285232851,Rahul Singh,+91 94350 08786,,Cousin,RF0330
14/08/2026 12:15:09,Ajay Malhotra,7491896927,Suresh,+91 71970 18669,,College,RF0329
16/08/2026 11:53:10,Meera Sharma,7156637153,Amit,+91 79612 69308,,Friend,RF0331
19/08/2026 23:16:32,Rahul Reddy,6249945031,Neha Kumar,6249945031,na,College,RF0332
20/08/2026 08:53:38,Pooja Gupta,9962501452,Amit S,632 841 5688,,Friend,RF0333
21/08/2026 08:01:23,Rohit Pandey,7869500380,Vikas J,+91 66648 51741,,Neighbour,RF0334
22/08/2026 08:33:25,Lakshmi Sharma,7842668141,Shreya F,9278140980,na,Cousin,RF0335
24/08/2026 12:24:13,Joseph Nair,6061623479,Bhavna Singh,+91 95101 26893,bhavna.singh91@rediffmail.com,Friend,RF0339
24/08/2026 15:58:30,Ankita Jain,7370625179,Priya P,8715496339,na,Ex-colleague,RF0338
24/08/2026 17:55:33,Nisha Bose,6572601570,Gurpreet Fernandes,960 309 5620,-,Friend,RF0336
24/08/2026 22:26:26,Ajay Malhotra,7491896927,Pooja Bhat,8077665883,-,Neighbour,RF0337
25/08/2026 09:16:21,Rahul Iyer,9717897812,Vivek Chauhan,+91 86370 64723,NA,Neighbour,RF0340
25/08/2026 14:16:48,Ritu Kaur,6949620702,Gaurav Bose,+91 60386 73773,,Cousin,RF0341
26/08/2026 08:32:41,Priya Reddy,8929828379,Neha,8388108242,nehapandey@yahoo.com,College,RF0343
26/08/2026 22:40:47,Nitin Pillai,7758280232,Venkat M,962 503 4813,-,Ex-colleague,RF0342
27/08/2026 16:02:48,Nitin Pillai,7758280232,Venkat,7707750431,vnaidu32@gmail.com,Neighbour,RF0344
28/08/2026 21:00:11,Swati Joshi,7873795421,Neha,8473117932,neha.kumar@gmail.com,College,RF0345
29/08/2026 16:36:27,Shreya Verma,9059646295,Sandeep Yadav,712 705 2498,-,Neighbour,RF0346
29/08/2026 22:09:59,Priya Reddy,8929828379,Neha Sharma,+91 73838 82954,nsharma20@gmail.com,Cousin,RF0347
30/08/2026 11:03:58,Priya Reddy,8929828379,Swati Tiwari,9634726710,swati.tiwari37@gmail.com,Friend,RF0348
31/08/2026 18:15:54,Komal Sharma,9286213748,Gurpreet D,+91 78697 52557,,Friend,RF0349
31/08/2026 22:21:39,Nisha Bose,6572601570,Manish,638 041 5719,,College,RF0350
