pair_id,left_source,left_record,right_source,right_record,same_person,labelled_by,labelled_on,how_checked
P001,referral,RF0003,referral,RF0070,yes,recruiter,2026-09-20,called the candidate / compared CVs
P002,referral,RF0004,careers,5010,no,recruiter,2026-09-20,called the candidate / compared CVs
P003,job_board,JB-100008,job_board,JB-100447,no,recruiter,2026-09-20,called the candidate / compared CVs
P004,careers,5003,job_board,JB-101035,no,recruiter,2026-09-20,called the candidate / compared CVs
P005,whatsapp,918394624310@2026-01-04T19:06,job_board,JB-100453,yes,recruiter,2026-09-20,called the candidate / compared CVs
P006,job_board,JB-100012,whatsapp,916640318642@2026-02-15T20:29,yes,recruiter,2026-09-20,called the candidate / compared CVs
P007,job_board,JB-100013,job_board,JB-100168,yes,recruiter,2026-09-20,called the candidate / compared CVs
P008,whatsapp,916979304031@2026-01-05T15:16,job_board,JB-100301,yes,recruiter,2026-09-20,called the candidate / compared CVs
P009,whatsapp,918596263143@2026-01-07T10:50,whatsapp,918596263143@2026-03-19T08:34,yes,recruiter,2026-09-20,called the candidate / compared CVs
P010,referral,RF0009,careers,5100,no,recruiter,2026-09-20,called the candidate / compared CVs
P011,job_board,JB-100032,job_board,JB-100407,yes,recruiter,2026-09-20,called the candidate / compared CVs
P012,whatsapp,916247725907@2026-01-09T08:34,whatsapp,916247725907@2026-02-13T17:23,yes,recruiter,2026-09-20,called the candidate / compared CVs
P013,job_board,JB-100034,job_board,JB-100169,yes,recruiter,2026-09-20,called the candidate / compared CVs
P014,whatsapp,916613060782@2026-01-11T17:27,whatsapp,916613060782@2026-03-14T20:45,yes,recruiter,2026-09-20,called the candidate / compared CVs
P015,careers,5009,careers,5077,yes,recruiter,2026-09-20,called the candidate / compared CVs
P016,whatsapp,918444611503@2026-01-12T19:02,careers,5093,yes,recruiter,2026-09-20,called the candidate / compared CVs
P017,referral,RF0015,job_board,JB-100260,yes,recruiter,2026-09-20,called the candidate / compared CVs
P018,job_board,JB-100040,email,<cand-00178@mail.gmail.com>,no,recruiter,2026-09-20,called the candidate / compared CVs
P019,email,<cand-00008@mail.gmail.com>,job_board,JB-100173,yes,recruiter,2026-09-20,called the candidate / compared CVs
P020,job_board,JB-100042,job_board,JB-100224,yes,recruiter,2026-09-20,called the candidate / compared CVs
P021,job_board,JB-100045,email,<cand-00043@mail.gmail.com>,yes,recruiter,2026-09-20,called the candidate / compared CVs
P022,job_board,JB-100048,job_board,JB-100296,yes,recruiter,2026-09-20,called the candidate / compared CVs
P023,job_board,JB-100050,whatsapp,916919476944@2026-01-29T16:05,no,recruiter,2026-09-20,called the candidate / compared CVs
P024,job_board,JB-100054,job_board,JB-100190,yes,recruiter,2026-09-20,called the candidate / compared CVs
P025,job_board,JB-100061,job_board,JB-100226,yes,recruiter,2026-09-20,called the candidate / compared CVs
P026,careers,5031,careers,5292,yes,recruiter,2026-09-20,called the candidate / compared CVs
P027,referral,RF0030,job_board,JB-100784,no,recruiter,2026-09-20,called the candidate / compared CVs
P028,referral,RF0032,referral,RF0084,yes,recruiter,2026-09-20,called the candidate / compared CVs
P029,email,<cand-00015@mail.gmail.com>,email,<cand-00056@mail.gmail.com>,yes,recruiter,2026-09-20,called the candidate / compared CVs
P030,email,<cand-00015@mail.gmail.com>,email,<cand-00116@mail.gmail.com>,yes,recruiter,2026-09-20,called the candidate / compared CVs
P031,referral,RF0036,careers,5197,no,recruiter,2026-09-20,called the candidate / compared CVs
P032,whatsapp,917267120912@2026-01-23T23:45,careers,5063,no,recruiter,2026-09-20,called the candidate / compared CVs
P033,careers,5038,job_board,JB-100703,no,recruiter,2026-09-20,called the candidate / compared CVs
P034,job_board,JB-100080,whatsapp,917267295831@2026-06-23T22:38,yes,recruiter,2026-09-20,called the candidate / compared CVs
P035,email,<cand-00020@mail.gmail.com>,whatsapp,918995614758@2026-05-16T13:32,yes,recruiter,2026-09-20,called the candidate / compared CVs
P036,whatsapp,916218519060@2026-01-29T20:46,whatsapp,916218519060@2026-03-20T18:20,yes,recruiter,2026-09-20,called the candidate / compared CVs
P037,job_board,JB-100084,whatsapp,919941262001@2026-03-17T21:25,no,recruiter,2026-09-20,called the candidate / compared CVs
P038,whatsapp,916526340287@2026-01-29T15:27,job_board,JB-100272,yes,recruiter,2026-09-20,called the candidate / compared CVs
P039,whatsapp,918214008922@2026-01-29T08:33,careers,5520,no,recruiter,2026-09-20,called the candidate / compared CVs
P040,referral,RF0045,whatsapp,917029391296@2026-05-27T23:37,yes,recruiter,2026-09-20,called the candidate / compared CVs
P041,referral,RF0046,careers,5071,no,recruiter,2026-09-20,called the candidate / compared CVs
P042,whatsapp,919750545396@2026-02-01T11:42,careers,5502,no,recruiter,2026-09-20,called the candidate / compared CVs
P043,whatsapp,918478358993@2026-02-01T10:31,job_board,JB-100783,no,recruiter,2026-09-20,called the candidate / compared CVs
P044,referral,RF0050,job_board,JB-100960,no,recruiter,2026-09-20,called the candidate / compared CVs
P045,whatsapp,916084645663@2026-02-02T17:51,job_board,JB-100894,no,recruiter,2026-09-20,called the candidate / compared CVs
P046,whatsapp,917865940326@2026-02-04T11:48,whatsapp,917865940326@2026-04-09T16:15,yes,recruiter,2026-09-20,called the candidate / compared CVs
P047,job_board,JB-100106,job_board,JB-100293,yes,recruiter,2026-09-20,called the candidate / compared CVs
P048,job_board,JB-100109,email,<cand-00102@mail.gmail.com>,yes,recruiter,2026-09-20,called the candidate / compared CVs
P049,careers,5056,careers,5123,yes,recruiter,2026-09-20,called the candidate / compared CVs
P050,job_board,JB-100112,whatsapp,919239914418@2026-05-02T19:34,yes,recruiter,2026-09-20,called the candidate / compared CVs
P051,whatsapp,917036802633@2026-02-06T20:51,referral,RF0098,yes,recruiter,2026-09-20,called the candidate / compared CVs
P052,whatsapp,918376598667@2026-02-06T08:19,whatsapp,918376598667@2026-03-27T13:17,yes,recruiter,2026-09-20,called the candidate / compared CVs
P053,email,<cand-00029@mail.gmail.com>,whatsapp,916460141500@2026-02-07T14:26,no,recruiter,2026-09-20,called the candidate / compared CVs
P054,careers,5057,careers,5166,yes,recruiter,2026-09-20,called the candidate / compared CVs
P055,referral,RF0053,referral,RF0089,yes,recruiter,2026-09-20,called the candidate / compared CVs
P056,job_board,JB-100120,careers,5084,no,recruiter,2026-09-20,called the candidate / compared CVs
P057,job_board,JB-100121,referral,RF0106,yes,recruiter,2026-09-20,called the candidate / compared CVs
P058,careers,5061,careers,5296,no,recruiter,2026-09-20,called the candidate / compared CVs
P059,job_board,JB-100129,job_board,JB-100358,no,recruiter,2026-09-20,called the candidate / compared CVs
P060,job_board,JB-100132,job_board,JB-100945,no,recruiter,2026-09-20,called the candidate / compared CVs
P061,job_board,JB-100134,job_board,JB-100303,yes,recruiter,2026-09-20,called the candidate / compared CVs
P062,job_board,JB-100143,job_board,JB-100676,no,recruiter,2026-09-20,called the candidate / compared CVs
P063,job_board,JB-100154,whatsapp,919773906776@2026-04-13T09:06,no,recruiter,2026-09-20,called the candidate / compared CVs
P064,whatsapp,917247821815@2026-02-17T18:19,careers,5437,yes,recruiter,2026-09-20,called the candidate / compared CVs
P065,email,<cand-00038@mail.gmail.com>,job_board,JB-100491,no,recruiter,2026-09-20,called the candidate / compared CVs
P066,email,<cand-00038@mail.gmail.com>,email,<cand-00130@mail.gmail.com>,yes,recruiter,2026-09-20,called the candidate / compared CVs
P067,referral,RF0062,referral,RF0133,yes,recruiter,2026-09-20,called the candidate / compared CVs
P068,job_board,JB-100174,job_board,JB-100472,yes,recruiter,2026-09-20,called the candidate / compared CVs
P069,whatsapp,916796312915@2026-02-20T14:41,whatsapp,916796312915@2026-04-29T14:34,yes,recruiter,2026-09-20,called the candidate / compared CVs
P070,whatsapp,918053060962@2026-02-20T09:21,whatsapp,918053060962@2026-04-07T14:17,yes,recruiter,2026-09-20,called the candidate / compared CVs
P071,job_board,JB-100181,job_board,JB-100473,yes,recruiter,2026-09-20,called the candidate / compared CVs
P072,job_board,JB-100182,referral,RF0157,yes,recruiter,2026-09-20,called the candidate / compared CVs
P073,job_board,JB-100188,job_board,JB-100406,yes,recruiter,2026-09-20,called the candidate / compared CVs
P074,whatsapp,918070579956@2026-02-23T15:13,careers,5214,yes,recruiter,2026-09-20,called the candidate / compared CVs
P075,careers,5088,careers,5378,yes,recruiter,2026-09-20,called the candidate / compared CVs
P076,job_board,JB-100208,job_board,JB-100669,no,recruiter,2026-09-20,called the candidate / compared CVs
P077,whatsapp,917160518335@2026-03-01T20:36,whatsapp,917160518335@2026-04-02T09:05,yes,recruiter,2026-09-20,called the candidate / compared CVs
P078,whatsapp,917081114449@2026-03-02T22:34,whatsapp,917081114449@2026-04-16T19:24,yes,recruiter,2026-09-20,called the candidate / compared CVs
P079,job_board,JB-100218,email,<cand-00124@mail.gmail.com>,yes,recruiter,2026-09-20,called the candidate / compared CVs
P080,job_board,JB-100220,job_board,JB-100507,yes,recruiter,2026-09-20,called the candidate / compared CVs
P081,careers,5098,referral,RF0134,yes,recruiter,2026-09-20,called the candidate / compared CVs
P082,email,<cand-00050@mail.gmail.com>,job_board,JB-100741,no,recruiter,2026-09-20,called the candidate / compared CVs
P083,careers,5101,referral,RF0349,no,recruiter,2026-09-20,called the candidate / compared CVs
P084,job_board,JB-100236,careers,5560,no,recruiter,2026-09-20,called the candidate / compared CVs
P085,job_board,JB-100241,job_board,JB-100591,yes,recruiter,2026-09-20,called the candidate / compared CVs
P086,whatsapp,917845928039@2026-03-09T14:34,job_board,JB-100444,yes,recruiter,2026-09-20,called the candidate / compared CVs
P087,whatsapp,917845928039@2026-03-09T14:34,careers,5293,no,recruiter,2026-09-20,called the candidate / compared CVs
P088,job_board,JB-100259,job_board,JB-100533,yes,recruiter,2026-09-20,called the candidate / compared CVs
P089,whatsapp,919352494158@2026-03-09T23:42,referral,RF0112,no,recruiter,2026-09-20,called the candidate / compared CVs
P090,job_board,JB-100261,job_board,JB-100445,yes,recruiter,2026-09-20,called the candidate / compared CVs
P091,careers,5112,careers,5354,yes,recruiter,2026-09-20,called the candidate / compared CVs
P092,referral,RF0087,referral,RF0210,yes,recruiter,2026-09-20,called the candidate / compared CVs
P093,email,<cand-00062@mail.gmail.com>,email,<cand-00146@mail.gmail.com>,yes,recruiter,2026-09-20,called the candidate / compared CVs
P094,whatsapp,919300571396@2026-03-12T08:55,whatsapp,919962845233@2026-08-29T11:35,no,recruiter,2026-09-20,called the candidate / compared CVs
P095,email,<cand-00065@mail.gmail.com>,job_board,JB-100588,no,recruiter,2026-09-20,called the candidate / compared CVs
P096,whatsapp,918909590577@2026-03-13T17:39,careers,5226,yes,recruiter,2026-09-20,called the candidate / compared CVs
P097,careers,5121,careers,5241,yes,recruiter,2026-09-20,called the candidate / compared CVs
P098,referral,RF0094,email,<cand-00189@mail.gmail.com>,no,recruiter,2026-09-20,called the candidate / compared CVs
P099,referral,RF0095,job_board,JB-100769,yes,recruiter,2026-09-20,called the candidate / compared CVs
P100,referral,RF0099,referral,RF0271,yes,recruiter,2026-09-20,called the candidate / compared CVs
P101,referral,RF0101,referral,RF0138,yes,recruiter,2026-09-20,called the candidate / compared CVs
P102,whatsapp,917354127693@2026-03-18T20:53,whatsapp,917354127693@2026-05-27T09:33,yes,recruiter,2026-09-20,called the candidate / compared CVs
P103,referral,RF0104,referral,RF0160,yes,recruiter,2026-09-20,called the candidate / compared CVs
P104,job_board,JB-100295,careers,5260,yes,recruiter,2026-09-20,called the candidate / compared CVs
P105,email,<cand-00074@mail.gmail.com>,email,<cand-00169@mail.gmail.com>,yes,recruiter,2026-09-20,called the candidate / compared CVs
P106,job_board,JB-100305,job_board,JB-100582,yes,recruiter,2026-09-20,called the candidate / compared CVs
P107,whatsapp,917705966644@2026-03-22T14:38,careers,5237,yes,recruiter,2026-09-20,called the candidate / compared CVs
P108,job_board,JB-100314,job_board,JB-100524,yes,recruiter,2026-09-20,called the candidate / compared CVs
P109,careers,5135,job_board,JB-100884,no,recruiter,2026-09-20,called the candidate / compared CVs
P110,referral,RF0112,email,<cand-00117@mail.gmail.com>,yes,recruiter,2026-09-20,called the candidate / compared CVs
P111,careers,5142,careers,5471,no,recruiter,2026-09-20,called the candidate / compared CVs
P112,referral,RF0116,job_board,JB-100966,yes,recruiter,2026-09-20,called the candidate / compared CVs
P113,job_board,JB-100342,email,<cand-00267@mail.gmail.com>,yes,recruiter,2026-09-20,called the candidate / compared CVs
P114,job_board,JB-100346,job_board,JB-101023,yes,recruiter,2026-09-20,called the candidate / compared CVs
P115,job_board,JB-100347,job_board,JB-100593,yes,recruiter,2026-09-20,called the candidate / compared CVs
P116,email,<cand-00077@mail.gmail.com>,job_board,JB-101003,yes,recruiter,2026-09-20,called the candidate / compared CVs
P117,email,<cand-00078@mail.gmail.com>,email,<cand-00178@mail.gmail.com>,yes,recruiter,2026-09-20,called the candidate / compared CVs
P118,job_board,JB-100356,job_board,JB-100771,no,recruiter,2026-09-20,called the candidate / compared CVs
P119,careers,5155,whatsapp,918176229690@2026-06-30T11:37,no,recruiter,2026-09-20,called the candidate / compared CVs
P120,whatsapp,919042498345@2026-04-01T09:07,job_board,JB-100732,yes,recruiter,2026-09-20,called the candidate / compared CVs
P121,whatsapp,917160518335@2026-04-02T09:05,careers,5548,no,recruiter,2026-09-20,called the candidate / compared CVs
P122,job_board,JB-100380,careers,5311,yes,recruiter,2026-09-20,called the candidate / compared CVs
P123,whatsapp,919747232137@2026-04-03T15:26,whatsapp,919747232137@2026-06-11T08:23,yes,recruiter,2026-09-20,called the candidate / compared CVs
P124,whatsapp,916357823677@2026-04-03T23:19,job_board,JB-100805,yes,recruiter,2026-09-20,called the candidate / compared CVs
P125,job_board,JB-100386,job_board,JB-100947,yes,recruiter,2026-09-20,called the candidate / compared CVs
P126,whatsapp,918713419169@2026-04-04T23:11,job_board,JB-100712,yes,recruiter,2026-09-20,called the candidate / compared CVs
P127,job_board,JB-100392,job_board,JB-100681,no,recruiter,2026-09-20,called the candidate / compared CVs
P128,careers,5169,job_board,JB-100617,yes,recruiter,2026-09-20,called the candidate / compared CVs
P129,email,<cand-00086@mail.gmail.com>,whatsapp,918901233993@2026-04-30T17:56,no,recruiter,2026-09-20,called the candidate / compared CVs
P130,job_board,JB-100399,job_board,JB-100738,yes,recruiter,2026-09-20,called the candidate / compared CVs
P131,email,<cand-00087@mail.gmail.com>,whatsapp,919146946206@2026-06-14T20:17,yes,recruiter,2026-09-20,called the candidate / compared CVs
P132,email,<cand-00089@mail.gmail.com>,job_board,JB-101057,no,recruiter,2026-09-20,called the candidate / compared CVs
P133,referral,RF0130,job_board,JB-100887,no,recruiter,2026-09-20,called the candidate / compared CVs
P134,whatsapp,919391931499@2026-04-10T17:44,job_board,JB-100642,yes,recruiter,2026-09-20,called the candidate / compared CVs
P135,email,<cand-00095@mail.gmail.com>,whatsapp,919279691412@2026-06-03T23:36,yes,recruiter,2026-09-20,called the candidate / compared CVs
P136,careers,5184,email,<cand-00186@mail.gmail.com>,yes,recruiter,2026-09-20,called the candidate / compared CVs
P137,careers,5186,careers,5370,yes,recruiter,2026-09-20,called the candidate / compared CVs
P138,job_board,JB-100424,job_board,JB-100776,yes,recruiter,2026-09-20,called the candidate / compared CVs
P139,whatsapp,919441223132@2026-04-13T21:59,whatsapp,919441223132@2026-05-30T11:32,yes,recruiter,2026-09-20,called the candidate / compared CVs
P140,job_board,JB-100435,job_board,JB-100707,yes,recruiter,2026-09-20,called the candidate / compared CVs
P141,whatsapp,918777878702@2026-04-14T20:42,job_board,JB-100789,yes,recruiter,2026-09-20,called the candidate / compared CVs
P142,referral,RF0141,whatsapp,916767285811@2026-05-23T23:25,yes,recruiter,2026-09-20,called the candidate / compared CVs
P143,email,<cand-00099@mail.gmail.com>,email,<cand-00153@mail.gmail.com>,yes,recruiter,2026-09-20,called the candidate / compared CVs
P144,job_board,JB-100448,whatsapp,919019688810@2026-08-03T11:09,yes,recruiter,2026-09-20,called the candidate / compared CVs
P145,referral,RF0145,job_board,JB-100817,yes,recruiter,2026-09-20,called the candidate / compared CVs
P146,careers,5209,careers,5329,yes,recruiter,2026-09-20,called the candidate / compared CVs
P147,job_board,JB-100458,job_board,JB-100762,yes,recruiter,2026-09-20,called the candidate / compared CVs
P148,whatsapp,916729277369@2026-04-21T09:19,job_board,JB-100638,yes,recruiter,2026-09-20,called the candidate / compared CVs
P149,job_board,JB-100465,whatsapp,916987905071@2026-06-07T20:24,yes,recruiter,2026-09-20,called the candidate / compared CVs
P150,job_board,JB-100475,job_board,JB-100801,yes,recruiter,2026-09-20,called the candidate / compared CVs
P151,job_board,JB-100478,job_board,JB-100838,yes,recruiter,2026-09-20,called the candidate / compared CVs
P152,careers,5231,careers,5487,yes,recruiter,2026-09-20,called the candidate / compared CVs
P153,careers,5233,whatsapp,917098821444@2026-06-04T19:19,yes,recruiter,2026-09-20,called the candidate / compared CVs
P154,whatsapp,917487163180@2026-04-29T08:38,job_board,JB-100623,no,recruiter,2026-09-20,called the candidate / compared CVs
P155,job_board,JB-100508,careers,5345,yes,recruiter,2026-09-20,called the candidate / compared CVs
P156,job_board,JB-100512,careers,5385,yes,recruiter,2026-09-20,called the candidate / compared CVs
P157,job_board,JB-100515,job_board,JB-100827,yes,recruiter,2026-09-20,called the candidate / compared CVs
P158,referral,RF0171,job_board,JB-100996,yes,recruiter,2026-09-20,called the candidate / compared CVs
P159,job_board,JB-100534,job_board,JB-100769,yes,recruiter,2026-09-20,called the candidate / compared CVs
P160,careers,5252,email,<cand-00224@mail.gmail.com>,yes,recruiter,2026-09-20,called the candidate / compared CVs
P161,job_board,JB-100543,whatsapp,917882116660@2026-07-16T14:09,yes,recruiter,2026-09-20,called the candidate / compared CVs
P162,job_board,JB-100546,job_board,JB-100842,yes,recruiter,2026-09-20,called the candidate / compared CVs
P163,job_board,JB-100555,job_board,JB-100881,yes,recruiter,2026-09-20,called the candidate / compared CVs
P164,job_board,JB-100558,job_board,JB-100835,yes,recruiter,2026-09-20,called the candidate / compared CVs
P165,job_board,JB-100562,job_board,JB-100759,yes,recruiter,2026-09-20,called the candidate / compared CVs
P166,careers,5266,whatsapp,919979952387@2026-07-12T09:54,yes,recruiter,2026-09-20,called the candidate / compared CVs
P167,whatsapp,919376537983@2026-05-11T23:26,whatsapp,919376537983@2026-07-14T18:46,yes,recruiter,2026-09-20,called the candidate / compared CVs
P168,job_board,JB-100575,job_board,JB-100857,yes,recruiter,2026-09-20,called the candidate / compared CVs
P169,email,<cand-00153@mail.gmail.com>,email,<cand-00221@mail.gmail.com>,yes,recruiter,2026-09-20,called the candidate / compared CVs
P170,whatsapp,917497176805@2026-05-20T18:12,job_board,JB-100850,yes,recruiter,2026-09-20,called the candidate / compared CVs
P171,whatsapp,919344464936@2026-05-21T10:55,whatsapp,919344464936@2026-06-25T21:40,yes,recruiter,2026-09-20,called the candidate / compared CVs
P172,whatsapp,918045684582@2026-05-22T18:38,whatsapp,918045684582@2026-08-01T15:34,yes,recruiter,2026-09-20,called the candidate / compared CVs
P173,job_board,JB-100632,job_board,JB-100804,yes,recruiter,2026-09-20,called the candidate / compared CVs
P174,careers,5294,careers,5477,yes,recruiter,2026-09-20,called the candidate / compared CVs
P175,careers,5295,whatsapp,917336833755@2026-07-22T15:02,yes,recruiter,2026-09-20,called the candidate / compared CVs
P176,job_board,JB-100633,job_board,JB-100830,yes,recruiter,2026-09-20,called the candidate / compared CVs
P177,whatsapp,918598664902@2026-05-23T11:11,job_board,JB-100875,yes,recruiter,2026-09-20,called the candidate / compared CVs
P178,careers,5299,email,<cand-00219@mail.gmail.com>,yes,recruiter,2026-09-20,called the candidate / compared CVs
P179,whatsapp,919311509660@2026-05-24T17:09,job_board,JB-100922,no,recruiter,2026-09-20,called the candidate / compared CVs
P180,referral,RF0201,job_board,JB-100797,yes,recruiter,2026-09-20,called the candidate / compared CVs
P181,job_board,JB-100654,job_board,JB-100882,yes,recruiter,2026-09-20,called the candidate / compared CVs
P182,job_board,JB-100655,careers,5319,no,recruiter,2026-09-20,called the candidate / compared CVs
P183,job_board,JB-100657,job_board,JB-100883,yes,recruiter,2026-09-20,called the candidate / compared CVs
P184,careers,5317,job_board,JB-100933,yes,recruiter,2026-09-20,called the candidate / compared CVs
P185,referral,RF0206,email,<cand-00252@mail.gmail.com>,no,recruiter,2026-09-20,called the candidate / compared CVs
P186,referral,RF0207,careers,5515,no,recruiter,2026-09-20,called the candidate / compared CVs
P187,job_board,JB-100670,careers,5422,yes,recruiter,2026-09-20,called the candidate / compared CVs
P188,referral,RF0214,careers,5492,no,recruiter,2026-09-20,called the candidate / compared CVs
P189,careers,5330,careers,5516,yes,recruiter,2026-09-20,called the candidate / compared CVs
P190,referral,RF0216,referral,RF0284,yes,recruiter,2026-09-20,called the candidate / compared CVs
P191,careers,5335,job_board,JB-100994,yes,recruiter,2026-09-20,called the candidate / compared CVs
P192,job_board,JB-100701,job_board,JB-101032,yes,recruiter,2026-09-20,called the candidate / compared CVs
P193,careers,5336,careers,5430,yes,recruiter,2026-09-20,called the candidate / compared CVs
P194,whatsapp,918322363433@2026-06-10T19:16,whatsapp,918322363433@2026-08-20T09:16,yes,recruiter,2026-09-20,called the candidate / compared CVs
P195,job_board,JB-100708,job_board,JB-100918,yes,recruiter,2026-09-20,called the candidate / compared CVs
P196,careers,5342,whatsapp,916934237081@2026-08-25T16:56,yes,recruiter,2026-09-20,called the candidate / compared CVs
P197,email,<cand-00184@mail.gmail.com>,email,<cand-00236@mail.gmail.com>,yes,recruiter,2026-09-20,called the candidate / compared CVs
P198,referral,RF0228,careers,5434,yes,recruiter,2026-09-20,called the candidate / compared CVs
P199,job_board,JB-100728,job_board,JB-101026,yes,recruiter,2026-09-20,called the candidate / compared CVs
P200,careers,5353,job_board,JB-101047,yes,recruiter,2026-09-20,called the candidate / compared CVs
P201,email,<cand-00187@mail.gmail.com>,email,<cand-00243@mail.gmail.com>,yes,recruiter,2026-09-20,called the candidate / compared CVs
P202,job_board,JB-100742,job_board,JB-100965,yes,recruiter,2026-09-20,called the candidate / compared CVs
P203,careers,5355,careers,5484,yes,recruiter,2026-09-20,called the candidate / compared CVs
P204,job_board,JB-100748,referral,RF0327,yes,recruiter,2026-09-20,called the candidate / compared CVs
P205,job_board,JB-100750,job_board,JB-101113,yes,recruiter,2026-09-20,called the candidate / compared CVs
P206,job_board,JB-100751,email,<cand-00279@mail.gmail.com>,yes,recruiter,2026-09-20,called the candidate / compared CVs
P207,job_board,JB-100755,referral,RF0305,yes,recruiter,2026-09-20,called the candidate / compared CVs
P208,job_board,JB-100757,email,<cand-00269@mail.gmail.com>,no,recruiter,2026-09-20,called the candidate / compared CVs
P209,whatsapp,918611045978@2026-06-19T21:25,whatsapp,918611045978@2026-08-13T14:22,yes,recruiter,2026-09-20,called the candidate / compared CVs
P210,job_board,JB-100763,job_board,JB-101076,yes,recruiter,2026-09-20,called the candidate / compared CVs
P211,referral,RF0244,whatsapp,917316640776@2026-08-12T11:33,yes,recruiter,2026-09-20,called the candidate / compared CVs
P212,referral,RF0246,referral,RF0348,no,recruiter,2026-09-20,called the candidate / compared CVs
P213,email,<cand-00202@mail.gmail.com>,careers,5465,yes,recruiter,2026-09-20,called the candidate / compared CVs
P214,job_board,JB-100783,job_board,JB-101061,yes,recruiter,2026-09-20,called the candidate / compared CVs
P215,job_board,JB-100788,careers,5440,no,recruiter,2026-09-20,called the candidate / compared CVs
P216,referral,RF0250,email,<cand-00276@mail.gmail.com>,yes,recruiter,2026-09-20,called the candidate / compared CVs
P217,careers,5383,job_board,JB-100965,no,recruiter,2026-09-20,called the candidate / compared CVs
P218,careers,5383,careers,5472,yes,recruiter,2026-09-20,called the candidate / compared CVs
P219,job_board,JB-100807,careers,5434,no,recruiter,2026-09-20,called the candidate / compared CVs
P220,referral,RF0254,job_board,JB-101120,yes,recruiter,2026-09-20,called the candidate / compared CVs
P221,email,<cand-00214@mail.gmail.com>,job_board,JB-101102,yes,recruiter,2026-09-20,called the candidate / compared CVs
P222,whatsapp,919811981784@2026-07-02T11:55,whatsapp,916403343878@2026-08-27T08:16,no,recruiter,2026-09-20,called the candidate / compared CVs
P223,job_board,JB-100825,job_board,JB-101013,yes,recruiter,2026-09-20,called the candidate / compared CVs
P224,careers,5400,careers,5543,yes,recruiter,2026-09-20,called the candidate / compared CVs
P225,careers,5404,job_board,JB-100987,no,recruiter,2026-09-20,called the candidate / compared CVs
P226,job_board,JB-100846,job_board,JB-101021,yes,recruiter,2026-09-20,called the candidate / compared CVs
P227,job_board,JB-100852,referral,RF0330,yes,recruiter,2026-09-20,called the candidate / compared CVs
P228,job_board,JB-100856,job_board,JB-101028,no,recruiter,2026-09-20,called the candidate / compared CVs
P229,job_board,JB-100867,job_board,JB-101125,yes,recruiter,2026-09-20,called the candidate / compared CVs
P230,whatsapp,918537927264@2026-07-12T11:25,job_board,JB-101133,yes,recruiter,2026-09-20,called the candidate / compared CVs
P231,whatsapp,919638500427@2026-07-13T14:35,whatsapp,919638500427@2026-08-13T16:24,yes,recruiter,2026-09-20,called the candidate / compared CVs
P232,job_board,JB-100895,whatsapp,919672316628@2026-08-24T15:01,yes,recruiter,2026-09-20,called the candidate / compared CVs
P233,referral,RF0278,referral,RF0343,yes,recruiter,2026-09-20,called the candidate / compared CVs
P234,job_board,JB-100903,whatsapp,917156790279@2026-08-21T09:51,yes,recruiter,2026-09-20,called the candidate / compared CVs
P235,careers,5431,job_board,JB-101097,yes,recruiter,2026-09-20,called the candidate / compared CVs
P236,whatsapp,917111703459@2026-07-19T16:04,whatsapp,917111703459@2026-08-30T11:17,yes,recruiter,2026-09-20,called the candidate / compared CVs
P237,job_board,JB-100998,careers,5479,no,recruiter,2026-09-20,called the candidate / compared CVs
